{"mean":{"confidence_interval":{"confidence_level":0.95,"lower_bound":0.009539006359996716,"upper_bound":0.014863363133251772},"point_estimate":0.012350932315812635,"standard_error":0.001353177323524724},"median":{"confidence_interval":{"confidence_level":0.95,"lower_bound":0.015059098200441046,"upper_bound":0.020965356777177924},"point_estimate":0.017847859428586466,"standard_error":0.0014457869665570708}}