{"mean":{"confidence_interval":{"confidence_level":0.95,"lower_bound":0.0016548908582024848,"upper_bound":0.008530069665982336},"point_estimate":0.005037477695885917,"standard_error":0.0017363204414969633},"median":{"confidence_interval":{"confidence_level":0.95,"lower_bound":0.0018644792007842526,"upper_bound":0.011484986406015363},"point_estimate":0.00557692222867523,"standard_error":0.0025356213299834104}}