{"mean":{"confidence_interval":{"confidence_level":0.95,"lower_bound":0.017076079590552993,"upper_bound":0.026471742394375265},"point_estimate":0.022200712432107084,"standard_error":0.00238260448089942},"median":{"confidence_interval":{"confidence_level":0.95,"lower_bound":0.01934744907071617,"upper_bound":0.03279977953900581},"point_estimate":0.025188682227545778,"standard_error":0.0035294432693149854}}