{"mean":{"confidence_interval":{"confidence_level":0.95,"lower_bound":-0.09763825090731801,"upper_bound":-0.07829710928791556},"point_estimate":-0.08774156899405516,"standard_error":0.004966566169018416},"median":{"confidence_interval":{"confidence_level":0.95,"lower_bound":-0.10878382674524156,"upper_bound":-0.09256121436236464},"point_estimate":-0.10067199323010056,"standard_error":0.004230089678460244}}