{"mean":{"confidence_interval":{"confidence_level":0.95,"lower_bound":-0.9598981149943812,"upper_bound":-0.9589661741848422},"point_estimate":-0.9594829040056626,"standard_error":0.00023257150266073898},"median":{"confidence_interval":{"confidence_level":0.95,"lower_bound":-0.9600451721281329,"upper_bound":-0.9595440938343652},"point_estimate":-0.9598733395410676,"standard_error":0.00010901879534545535}}