{"mean":{"confidence_interval":{"confidence_level":0.95,"lower_bound":3421124.5885499995,"upper_bound":3440741.3154499996},"point_estimate":3430756.5553333317,"standard_error":5004.991535928795},"median":{"confidence_interval":{"confidence_level":0.95,"lower_bound":3417001.3666666667,"upper_bound":3430473.6333333333},"point_estimate":3423819.4333333336,"standard_error":3652.40161236366},"median_abs_dev":{"confidence_interval":{"confidence_level":0.95,"lower_bound":24897.400197982766,"upper_bound":61204.692113399506},"point_estimate":41339.82926607155,"standard_error":10217.305951631253},"slope":null,"std_dev":{"confidence_interval":{"confidence_level":0.95,"lower_bound":42173.326384253334,"upper_bound":58194.074917586026},"point_estimate":50548.41601495555,"standard_error":4089.3349583963304}}