{"mean":{"confidence_interval":{"confidence_level":0.95,"lower_bound":-0.01820891625602944,"upper_bound":0.012225295292444437},"point_estimate":-0.002646039928583699,"standard_error":0.007756265367683553},"median":{"confidence_interval":{"confidence_level":0.95,"lower_bound":-0.012917107681328699,"upper_bound":0.010128189767993456},"point_estimate":-0.0024971001780234037,"standard_error":0.005743473312295498}}