{"mean":{"confidence_interval":{"confidence_level":0.95,"lower_bound":0.00013134942399845102,"upper_bound":0.005139131209389784},"point_estimate":0.002762708225078958,"standard_error":0.0012770118768613264},"median":{"confidence_interval":{"confidence_level":0.95,"lower_bound":0.0008735088263487345,"upper_bound":0.005317520392380981},"point_estimate":0.0029445507164702622,"standard_error":0.0011417616057625775}}