{"mean":{"confidence_interval":{"confidence_level":0.95,"lower_bound":0.018175692780882248,"upper_bound":0.036006159763853726},"point_estimate":0.026437477710601565,"standard_error":0.004514394894354917},"median":{"confidence_interval":{"confidence_level":0.95,"lower_bound":0.020246997147748327,"upper_bound":0.03225981166083747},"point_estimate":0.025434803029452224,"standard_error":0.003200923864819519}}