{"mean":{"confidence_interval":{"confidence_level":0.95,"lower_bound":0.0026682647199837263,"upper_bound":0.006952676221841496},"point_estimate":0.004743109209107477,"standard_error":0.0010862291695391303},"median":{"confidence_interval":{"confidence_level":0.95,"lower_bound":0.005652361591524713,"upper_bound":0.007433087869558541},"point_estimate":0.006425375085295615,"standard_error":0.00046429367524379085}}