{"mean":{"confidence_interval":{"confidence_level":0.95,"lower_bound":0.0194184278434578,"upper_bound":0.026805037260213226},"point_estimate":0.023019820234637445,"standard_error":0.0018715225309832106},"median":{"confidence_interval":{"confidence_level":0.95,"lower_bound":0.021499574584595837,"upper_bound":0.026484820897453742},"point_estimate":0.02386520207412235,"standard_error":0.0012690304655324162}}