{"mean":{"confidence_interval":{"confidence_level":0.95,"lower_bound":3106566.591765625,"upper_bound":3144127.1609374997},"point_estimate":3125155.964375,"standard_error":9583.617316197977},"median":{"confidence_interval":{"confidence_level":0.95,"lower_bound":3093997.4375,"upper_bound":3133618.5},"point_estimate":3112902.34375,"standard_error":9913.249923830068},"median_abs_dev":{"confidence_interval":{"confidence_level":0.95,"lower_bound":65697.61519629044,"upper_bound":114870.59501688927},"point_estimate":87006.24046158046,"standard_error":12632.500746378035},"slope":null,"std_dev":{"confidence_interval":{"confidence_level":0.95,"lower_bound":82481.94511120199,"upper_bound":108480.12834078442},"point_estimate":96362.50810341924,"standard_error":6598.82972407292}}