{"mean":{"confidence_interval":{"confidence_level":0.95,"lower_bound":0.05376090208418215,"upper_bound":0.07095847469688156},"point_estimate":0.06276592296195727,"standard_error":0.004411169647779027},"median":{"confidence_interval":{"confidence_level":0.95,"lower_bound":0.06103384833676939,"upper_bound":0.07997148280250199},"point_estimate":0.07245592926611799,"standard_error":0.005059476676669432}}