{"mean":{"confidence_interval":{"confidence_level":0.95,"lower_bound":-0.017431672093869137,"upper_bound":-0.0028286841387631656},"point_estimate":-0.00990431631858979,"standard_error":0.003733194233897943},"median":{"confidence_interval":{"confidence_level":0.95,"lower_bound":-0.01083419818190523,"upper_bound":-0.0026106878793688004},"point_estimate":-0.004546313052280038,"standard_error":0.0019854302829769668}}