{"mean":{"confidence_interval":{"confidence_level":0.95,"lower_bound":-0.01054106137786685,"upper_bound":-0.004461716947177011},"point_estimate":-0.007444001698447833,"standard_error":0.0015497068198594356},"median":{"confidence_interval":{"confidence_level":0.95,"lower_bound":-0.012539928442047654,"upper_bound":-0.0035145279479165126},"point_estimate":-0.0076092698924756785,"standard_error":0.0022685221426856513}}