{"mean":{"confidence_interval":{"confidence_level":0.95,"lower_bound":0.012806656537968144,"upper_bound":0.026834772393612726},"point_estimate":0.019669772784411954,"standard_error":0.0035429907077439396},"median":{"confidence_interval":{"confidence_level":0.95,"lower_bound":0.012645444229308689,"upper_bound":0.03125621110444765},"point_estimate":0.021906410837387646,"standard_error":0.004726717371357733}}