{"mean":{"confidence_interval":{"confidence_level":0.95,"lower_bound":0.012959003483831923,"upper_bound":0.028026000223014495},"point_estimate":0.020336912008100727,"standard_error":0.003809428991461373},"median":{"confidence_interval":{"confidence_level":0.95,"lower_bound":0.007965232315455761,"upper_bound":0.026196913078748496},"point_estimate":0.016809458131983313,"standard_error":0.0046717891104212286}}