{"mean":{"confidence_interval":{"confidence_level":0.95,"lower_bound":-0.024699724894083872,"upper_bound":0.0029021393322797807},"point_estimate":-0.011104979657278746,"standard_error":0.007014979780281072},"median":{"confidence_interval":{"confidence_level":0.95,"lower_bound":-0.010911758515393277,"upper_bound":0.006722396131297881},"point_estimate":0.0013822059439438927,"standard_error":0.004361547844566435}}