{"mean":{"confidence_interval":{"confidence_level":0.95,"lower_bound":88985790.42199999,"upper_bound":91561607.34},"point_estimate":90244325.32,"standard_error":656127.3953586697},"median":{"confidence_interval":{"confidence_level":0.95,"lower_bound":86227000.0,"upper_bound":87494917.0},"point_estimate":86481729.0,"standard_error":295881.2974874665},"median_abs_dev":{"confidence_interval":{"confidence_level":0.95,"lower_bound":957265.8772051334,"upper_bound":2804460.1647108793},"point_estimate":1481456.8890988827,"standard_error":437214.8813096899},"slope":null,"std_dev":{"confidence_interval":{"confidence_level":0.95,"lower_bound":5528517.728929043,"upper_bound":7478385.992391952},"point_estimate":6642653.7193379,"standard_error":495950.61282852676}}