{"mean":{"confidence_interval":{"confidence_level":0.95,"lower_bound":-0.07138293027099717,"upper_bound":-0.010900634029063399},"point_estimate":-0.03580492815829006,"standard_error":0.01596875903787378},"median":{"confidence_interval":{"confidence_level":0.95,"lower_bound":-0.010705437702413535,"upper_bound":-0.004126314289620514},"point_estimate":-0.007791139669097613,"standard_error":0.0016644501281917819}}