{"mean":{"confidence_interval":{"confidence_level":0.95,"lower_bound":-0.03403023704926889,"upper_bound":-0.024005109728177997},"point_estimate":-0.02890953891552661,"standard_error":0.0025590129732360454},"median":{"confidence_interval":{"confidence_level":0.95,"lower_bound":-0.033429592691027035,"upper_bound":-0.022667657810276267},"point_estimate":-0.028726208423322408,"standard_error":0.0028434034780839062}}