{"mean":{"confidence_interval":{"confidence_level":0.95,"lower_bound":0.0029356266839526304,"upper_bound":0.03744336215372085},"point_estimate":0.016015532849512182,"standard_error":0.009883186108055829},"median":{"confidence_interval":{"confidence_level":0.95,"lower_bound":0.0012783873856860861,"upper_bound":0.005054131178266685},"point_estimate":0.002819289314103468,"standard_error":0.0009132414909710102}}