{"mean":{"confidence_interval":{"confidence_level":0.95,"lower_bound":28.237734073711653,"upper_bound":29.499132335139805},"point_estimate":28.90080007104899,"standard_error":0.32248617181269656},"median":{"confidence_interval":{"confidence_level":0.95,"lower_bound":29.68458152479323,"upper_bound":30.14766031072549},"point_estimate":29.88058483928615,"standard_error":0.12156162430400808}}