{"mean":{"confidence_interval":{"confidence_level":0.95,"lower_bound":-0.13097253952330012,"upper_bound":-0.09788632071222614},"point_estimate":-0.11342149081389452,"standard_error":0.008122498724241764},"median":{"confidence_interval":{"confidence_level":0.95,"lower_bound":-0.14468397601100713,"upper_bound":-0.08935627976936578},"point_estimate":-0.12083969010791351,"standard_error":0.012868267120997427}}