{"mean":{"confidence_interval":{"confidence_level":0.95,"lower_bound":-0.965058122716012,"upper_bound":-0.9643342127327381},"point_estimate":-0.9646997216976434,"standard_error":0.0001858403575340305},"median":{"confidence_interval":{"confidence_level":0.95,"lower_bound":-0.9652436727784295,"upper_bound":-0.9649012722772862},"point_estimate":-0.9650898041135716,"standard_error":0.00008880067702312978}}