{"mean":{"confidence_interval":{"confidence_level":0.95,"lower_bound":0.023308105145398387,"upper_bound":0.055120866063339484},"point_estimate":0.039106839608450183,"standard_error":0.008141010430085622},"median":{"confidence_interval":{"confidence_level":0.95,"lower_bound":0.012250734457907475,"upper_bound":0.04145961755664174},"point_estimate":0.02705210049741491,"standard_error":0.007777983722183386}}