{"mean":{"confidence_interval":{"confidence_level":0.95,"lower_bound":0.028116284881324168,"upper_bound":0.04773237459667891},"point_estimate":0.0381741595894296,"standard_error":0.005022696597971933},"median":{"confidence_interval":{"confidence_level":0.95,"lower_bound":0.021935606007152275,"upper_bound":0.03983530305442429},"point_estimate":0.03238019071425757,"standard_error":0.004544907091678804}}