{"mean":{"confidence_interval":{"confidence_level":0.95,"lower_bound":3745046.540769232,"upper_bound":3776674.233019232},"point_estimate":3759656.664615385,"standard_error":8079.76862032073},"median":{"confidence_interval":{"confidence_level":0.95,"lower_bound":3726448.692307692,"upper_bound":3734541.6923076925},"point_estimate":3729583.346153846,"standard_error":2067.9032533139816},"median_abs_dev":{"confidence_interval":{"confidence_level":0.95,"lower_bound":7992.695032523758,"upper_bound":18720.219636880593},"point_estimate":12058.042609003582,"standard_error":2630.236553163917},"slope":null,"std_dev":{"confidence_interval":{"confidence_level":0.95,"lower_bound":50296.92970203649,"upper_bound":108754.04801184114},"point_estimate":81511.15856408888,"standard_error":14981.630833232592}}