{"mean":{"confidence_interval":{"confidence_level":0.95,"lower_bound":5386078.17,"upper_bound":5475584.0025},"point_estimate":5428566.29625,"standard_error":22676.16651017588},"median":{"confidence_interval":{"confidence_level":0.95,"lower_bound":5349536.5,"upper_bound":5368552.0625},"point_estimate":5355843.6875,"standard_error":4765.823684730023},"median_abs_dev":{"confidence_interval":{"confidence_level":0.95,"lower_bound":67589.6015625447,"upper_bound":151750.31569339335},"point_estimate":121800.8696001023,"standard_error":17888.362114816053},"slope":null,"std_dev":{"confidence_interval":{"confidence_level":0.95,"lower_bound":170916.05109641355,"upper_bound":280101.20698074915},"point_estimate":227927.44796912745,"standard_error":27902.01526628204}}