{"mean":{"confidence_interval":{"confidence_level":0.95,"lower_bound":3370135.80715,"upper_bound":3387466.1994999996},"point_estimate":3378292.253333334,"standard_error":4410.967353477002},"median":{"confidence_interval":{"confidence_level":0.95,"lower_bound":3364986.1333333333,"upper_bound":3376286.0999999996},"point_estimate":3371130.5999999996,"standard_error":2813.4256920921102},"median_abs_dev":{"confidence_interval":{"confidence_level":0.95,"lower_bound":23396.112051635628,"upper_bound":40063.113008737164},"point_estimate":33618.003823161285,"standard_error":3997.089864282952},"slope":null,"std_dev":{"confidence_interval":{"confidence_level":0.95,"lower_bound":30748.865305695996,"upper_bound":57022.13779473439},"point_estimate":44322.84887273274,"standard_error":6787.3245740606235}}