{"mean":{"confidence_interval":{"confidence_level":0.95,"lower_bound":-0.06430750547404429,"upper_bound":-0.04840516720301493},"point_estimate":-0.057069260943040656,"standard_error":0.004130133751202663},"median":{"confidence_interval":{"confidence_level":0.95,"lower_bound":-0.0715692732215506,"upper_bound":-0.058413175821389385},"point_estimate":-0.06550788499063231,"standard_error":0.0033665509108096476}}