{"mean":{"confidence_interval":{"confidence_level":0.95,"lower_bound":0.05244670359815018,"upper_bound":0.07562516494942705},"point_estimate":0.06324268213111028,"standard_error":0.0058658779137975795},"median":{"confidence_interval":{"confidence_level":0.95,"lower_bound":0.057546130343284735,"upper_bound":0.07469202373579803},"point_estimate":0.06692013023075738,"standard_error":0.004442259555652053}}