{"mean":{"confidence_interval":{"confidence_level":0.95,"lower_bound":-0.05421570909434198,"upper_bound":0.005419461431451844},"point_estimate":-0.016421408487116262,"standard_error":0.018224301886537397},"median":{"confidence_interval":{"confidence_level":0.95,"lower_bound":0.0007166479673621495,"upper_bound":0.006843709185894831},"point_estimate":0.004173976921594047,"standard_error":0.0016620161645435295}}