{"mean":{"confidence_interval":{"confidence_level":0.95,"lower_bound":-0.0020017410496929702,"upper_bound":0.006552311352303257},"point_estimate":0.0019267811115670774,"standard_error":0.0022037109582706683},"median":{"confidence_interval":{"confidence_level":0.95,"lower_bound":-0.006166716532272742,"upper_bound":0.0013224890627838715},"point_estimate":-0.0024960798602100542,"standard_error":0.0018393491473945268}}