{"mean":{"confidence_interval":{"confidence_level":0.95,"lower_bound":-0.03409800216667486,"upper_bound":-0.0012290134393287888},"point_estimate":-0.017861077550095583,"standard_error":0.008653683416512173},"median":{"confidence_interval":{"confidence_level":0.95,"lower_bound":-0.050087883760044805,"upper_bound":0.005035876561527042},"point_estimate":-0.010113440732187562,"standard_error":0.014602973807074612}}