{"mean":{"confidence_interval":{"confidence_level":0.95,"lower_bound":-0.07433650489235626,"upper_bound":-0.057742536700599104},"point_estimate":-0.06634008330779118,"standard_error":0.0042112616284990705},"median":{"confidence_interval":{"confidence_level":0.95,"lower_bound":-0.06943308661286307,"upper_bound":-0.052749319256572336},"point_estimate":-0.06176269380617261,"standard_error":0.004557825809368775}}