{"mean":{"confidence_interval":{"confidence_level":0.95,"lower_bound":23.890641791354824,"upper_bound":24.65584683220884},"point_estimate":24.255821658540608,"standard_error":0.19634209843095946},"median":{"confidence_interval":{"confidence_level":0.95,"lower_bound":23.495612875643964,"upper_bound":23.831327611476596},"point_estimate":23.598570657225757,"standard_error":0.08554848559727889}}