{"mean":{"confidence_interval":{"confidence_level":0.95,"lower_bound":-0.9602957183366335,"upper_bound":-0.959789850999333},"point_estimate":-0.9600510989044478,"standard_error":0.00012866032446779086},"median":{"confidence_interval":{"confidence_level":0.95,"lower_bound":-0.9601885253962851,"upper_bound":-0.9599236181192841},"point_estimate":-0.9600302930690482,"standard_error":0.00007287017473128716}}