{"mean":{"confidence_interval":{"confidence_level":0.95,"lower_bound":3410975.0436,"upper_bound":3429670.992249999},"point_estimate":3420119.140666668,"standard_error":4789.059170017449},"median":{"confidence_interval":{"confidence_level":0.95,"lower_bound":3409702.8,"upper_bound":3436083.3333333335},"point_estimate":3419640.3,"standard_error":7376.491919298213},"median_abs_dev":{"confidence_interval":{"confidence_level":0.95,"lower_bound":30586.828176975065,"upper_bound":51345.35286843761},"point_estimate":40021.946149468444,"standard_error":5329.60585762935},"slope":null,"std_dev":{"confidence_interval":{"confidence_level":0.95,"lower_bound":37628.346272917894,"upper_bound":60039.06152033844},"point_estimate":48029.9933813415,"standard_error":5969.244138584942}}